{
  "properties": {
    "connectionReferences": {
      "shared_teams": {
        "runtimeSource": "embedded",
        "connection": {
          "connectionReferenceLogicalName": "ya_sharedteams_939e9"
        },
        "api": {
          "name": "shared_teams"
        }
      },
      "shared_commondataserviceforapps": {
        "runtimeSource": "embedded",
        "connection": {
          "connectionReferenceLogicalName": "new_sharedcommondataserviceforapps_666f9"
        },
        "api": {
          "name": "shared_commondataserviceforapps"
        }
      }
    },
    "definition": {
      "$schema": "https://schema.management.azure.com/providers/Microsoft.Logic/schemas/2016-06-01/workflowdefinition.json#",
      "contentVersion": "1.0.0.0",
      "parameters": {
        "$connections": {
          "defaultValue": {},
          "type": "Object"
        },
        "$authentication": {
          "defaultValue": {},
          "type": "SecureObject"
        }
      },
      "triggers": {
        "Recurrence": {
          "recurrence": {
            "frequency": "Day",
            "interval": 1,
            "startTime": "2023-04-30T15:00:00Z"
          },
          "metadata": {
            "operationMetadataId": "ea0f95e5-6932-4808-b1b1-0c23a2275100"
          },
          "type": "Recurrence"
        }
      },
      "actions": {
        "チームの一覧表示": {
          "runAfter": {},
          "metadata": {
            "operationMetadataId": "e95bb033-e806-4b7f-9818-ef5f44b14755"
          },
          "type": "OpenApiConnection",
          "inputs": {
            "host": {
              "connectionName": "shared_teams",
              "operationId": "GetAllTeams",
              "apiId": "/providers/Microsoft.PowerApps/apis/shared_teams"
            },
            "parameters": {},
            "authentication": "@parameters('$authentication')"
          }
        },
        "Apply_to_each": {
          "foreach": "@outputs('チームの一覧表示')?['body/value']",
          "actions": {
            "チャネルの一覧表示": {
              "runAfter": {},
              "metadata": {
                "operationMetadataId": "bcf63663-00c6-4a36-b000-bd3146db54bf"
              },
              "type": "OpenApiConnection",
              "inputs": {
                "host": {
                  "connectionName": "shared_teams",
                  "operationId": "GetChannelsForGroup",
                  "apiId": "/providers/Microsoft.PowerApps/apis/shared_teams"
                },
                "parameters": {
                  "groupId": "@items('Apply_to_each')?['id']"
                },
                "authentication": "@parameters('$authentication')"
              }
            },
            "Apply_to_each_2": {
              "foreach": "@outputs('チャネルの一覧表示')?['body/value']",
              "actions": {
                "メッセージを取得します": {
                  "runAfter": {},
                  "metadata": {
                    "operationMetadataId": "10cb0dd7-12f2-4648-813b-952d31e686f6"
                  },
                  "type": "OpenApiConnection",
                  "inputs": {
                    "host": {
                      "connectionName": "shared_teams",
                      "operationId": "GetMessagesFromChannel",
                      "apiId": "/providers/Microsoft.PowerApps/apis/shared_teams"
                    },
                    "parameters": {
                      "groupId": "@items('Apply_to_each')?['id']",
                      "channelId": "@items('Apply_to_each_2')?['id']"
                    },
                    "authentication": "@parameters('$authentication')"
                  }
                },
                "Apply_to_each_3": {
                  "foreach": "@outputs('メッセージを取得します')?['body/value']",
                  "actions": {
                    "メッセージ詳細を取得する": {
                      "runAfter": {},
                      "metadata": {
                        "operationMetadataId": "ddff8a7b-ce01-4635-860b-01f5d0618dea"
                      },
                      "type": "OpenApiConnection",
                      "inputs": {
                        "host": {
                          "connectionName": "shared_teams",
                          "operationId": "GetMessageDetails",
                          "apiId": "/providers/Microsoft.PowerApps/apis/shared_teams"
                        },
                        "parameters": {
                          "messageId": "@items('Apply_to_each_3')?['id']",
                          "threadType": "channel",
                          "body/recipient/groupId": "@items('Apply_to_each')?['id']",
                          "body/recipient/channelId": "@items('Apply_to_each_2')?['id']"
                        },
                        "authentication": "@parameters('$authentication')"
                      }
                    },
                    "JSON_の解析": {
                      "runAfter": {
                        "メッセージbody": [
                          "Succeeded"
                        ]
                      },
                      "metadata": {
                        "operationMetadataId": "b8dc4ece-6300-416b-8d13-ca4aecc310d0"
                      },
                      "type": "ParseJson",
                      "inputs": {
                        "content": "@outputs('メッセージbody')",
                        "schema": {
                          "type": "object",
                          "properties": {
                            "@@odata.context": {
                              "type": "string"
                            },
                            "id": {
                              "type": "string"
                            },
                            "replyToId": {
                              "type": "string"
                            },
                            "etag": {
                              "type": "string"
                            },
                            "messageType": {
                              "type": "string"
                            },
                            "createdDateTime": {
                              "type": "string"
                            },
                            "lastModifiedDateTime": {
                              "type": "string"
                            },
                            "lastEditedDateTime": {},
                            "deletedDateTime": {},
                            "subject": {
                              "type": [
                                "string",
                                "null"
                              ]
                            },
                            "summary": {},
                            "chatId": {},
                            "importance": {
                              "type": "string"
                            },
                            "locale": {
                              "type": "string"
                            },
                            "webUrl": {
                              "type": "string"
                            },
                            "policyViolation": {},
                            "eventDetail": {},
                            "from": {
                              "type": [
                                "object",
                                "null"
                              ],
                              "properties": {
                                "application": {},
                                "device": {},
                                "user": {
                                  "type": "object",
                                  "properties": {
                                    "@@odata.type": {
                                      "type": "string"
                                    },
                                    "id": {
                                      "type": "string"
                                    },
                                    "displayName": {
                                      "type": "string"
                                    },
                                    "userIdentityType": {
                                      "type": "string"
                                    },
                                    "tenantId": {
                                      "type": "string"
                                    }
                                  }
                                }
                              }
                            },
                            "body": {
                              "type": "object",
                              "properties": {
                                "contentType": {
                                  "type": "string"
                                },
                                "content": {
                                  "type": "string"
                                },
                                "plainTextContent": {
                                  "type": "string"
                                }
                              }
                            },
                            "channelIdentity": {
                              "type": "object",
                              "properties": {
                                "teamId": {
                                  "type": "string"
                                },
                                "channelId": {
                                  "type": "string"
                                }
                              }
                            },
                            "attachments": {
                              "type": "array",
                              "items": {
                                "type": "object",
                                "properties": {
                                  "id": {
                                    "type": "string"
                                  },
                                  "contentType": {
                                    "type": "string"
                                  },
                                  "contentUrl": {
                                    "type": "string"
                                  },
                                  "content": {},
                                  "name": {
                                    "type": "string"
                                  },
                                  "thumbnailUrl": {},
                                  "teamsAppId": {}
                                },
                                "required": []
                              }
                            },
                            "mentions": {
                              "type": "array"
                            },
                            "reactions": {
                              "type": "array"
                            },
                            "messageLink": {
                              "type": "string"
                            },
                            "threadType": {
                              "type": "string"
                            },
                            "teamId": {
                              "type": "string"
                            },
                            "channelId": {
                              "type": "string"
                            }
                          }
                        }
                      }
                    },
                    "メッセージbody": {
                      "runAfter": {
                        "メッセージ詳細を取得する": [
                          "Succeeded"
                        ]
                      },
                      "metadata": {
                        "operationMetadataId": "36b8f4b9-9b3f-44f0-bb67-62ef603037db"
                      },
                      "type": "Compose",
                      "inputs": "@body('メッセージ詳細を取得する')"
                    },
                    "新しい行を追加する": {
                      "runAfter": {
                        "JSON_の解析": [
                          "Succeeded"
                        ]
                      },
                      "metadata": {
                        "operationMetadataId": "be24b83c-e67f-431f-9431-f50a05d6a357"
                      },
                      "type": "OpenApiConnection",
                      "inputs": {
                        "host": {
                          "connectionName": "shared_commondataserviceforapps",
                          "operationId": "CreateRecord",
                          "apiId": "/providers/Microsoft.PowerApps/apis/shared_commondataserviceforapps"
                        },
                        "parameters": {
                          "entityName": "ya_teamsmessages",
                          "item/ya_id": "@body('JSON_の解析')?['id']",
                          "item/ya_odatatype": "@body('JSON_の解析')?['from']?['user']?['@odata.type']",
                          "item/ya_bodycontent": "@body('JSON_の解析')?['body']?['content']",
                          "item/ya_bodycontenttype": "@body('JSON_の解析')?['body']?['contentType']",
                          "item/ya_channelidentitychannelid": "@body('JSON_の解析')?['channelIdentity']?['channelId']",
                          "item/ya_channelidentityteamid": "@body('JSON_の解析')?['channelIdentity']?['teamId']",
                          "item/ya_createddatetime": "@body('JSON_の解析')?['createdDateTime']",
                          "item/ya_etag": "@body('JSON_の解析')?['etag']",
                          "item/ya_fromuserid": "@body('JSON_の解析')?['from']?['user']?['id']",
                          "item/ya_importance": "@body('JSON_の解析')?['importance']",
                          "item/ya_lastmodifieddatetime": "@body('JSON_の解析')?['lastModifiedDateTime']",
                          "item/ya_locale": "@body('JSON_の解析')?['locale']",
                          "item/ya_messagejson": "@outputs('メッセージbody')",
                          "item/ya_messagetype": "@body('JSON_の解析')?['messageType']",
                          "item/ya_subject": "@body('JSON_の解析')?['subject']",
                          "item/ya_weburl": "@body('JSON_の解析')?['webUrl']"
                        },
                        "authentication": "@parameters('$authentication')"
                      }
                    }
                  },
                  "runAfter": {
                    "メッセージを取得します": [
                      "Succeeded"
                    ]
                  },
                  "metadata": {
                    "operationMetadataId": "f90719ef-71f8-4793-b3e4-644532fb47c0"
                  },
                  "type": "Foreach"
                }
              },
              "runAfter": {
                "チャネルの一覧表示": [
                  "Succeeded"
                ]
              },
              "metadata": {
                "operationMetadataId": "a2cebc6b-5a95-45e1-a0bc-6bc5c92194af"
              },
              "type": "Foreach"
            }
          },
          "runAfter": {
            "チームの一覧表示": [
              "Succeeded"
            ]
          },
          "metadata": {
            "operationMetadataId": "7658deeb-bc79-4a37-a612-834ccaa662fd"
          },
          "type": "Foreach"
        }
      }
    },
    "templateName": null
  },
  "schemaVersion": "1.0.0.0"
}