{
  "properties": {
    "connectionReferences": {
      "shared_commondataserviceforapps": {
        "runtimeSource": "embedded",
        "connection": {
          "connectionReferenceLogicalName": "new_sharedcommondataserviceforapps_666f9"
        },
        "api": {
          "name": "shared_commondataserviceforapps"
        }
      },
      "shared_teams": {
        "runtimeSource": "embedded",
        "connection": {
          "connectionReferenceLogicalName": "ya_sharedteams_939e9"
        },
        "api": {
          "name": "shared_teams"
        }
      }
    },
    "definition": {
      "$schema": "https://schema.management.azure.com/providers/Microsoft.Logic/schemas/2016-06-01/workflowdefinition.json#",
      "contentVersion": "1.0.0.0",
      "parameters": {
        "$connections": {
          "defaultValue": {},
          "type": "Object"
        },
        "$authentication": {
          "defaultValue": {},
          "type": "SecureObject"
        }
      },
      "triggers": {
        "チャネルに新しいメッセージが追加されたとき": {
          "recurrence": {
            "interval": 5,
            "frequency": "Minute"
          },
          "splitOn": "@triggerOutputs()?['body']",
          "metadata": {
            "operationMetadataId": "aed73434-b9f9-48c7-bba0-98bc73e99ae0"
          },
          "type": "OpenApiConnection",
          "inputs": {
            "host": {
              "connectionName": "shared_teams",
              "operationId": "OnNewChannelMessage",
              "apiId": "/providers/Microsoft.PowerApps/apis/shared_teams"
            },
            "parameters": {
              "groupId": "37e9d887-4220-47ef-8ff0-ca5dbdcc25d1",
              "channelId": "19:A21KdSgNpcSWCV7_521SV9TD9CUjjmMQYyP8FAU31301@thread.tacv2"
            },
            "authentication": "@parameters('$authentication')"
          }
        }
      },
      "actions": {
        "JSON_の解析": {
          "runAfter": {
            "変数を初期化する": [
              "Succeeded"
            ]
          },
          "metadata": {
            "operationMetadataId": "58d4d089-2b7a-45b1-8591-649eb565c03c"
          },
          "type": "ParseJson",
          "inputs": {
            "content": "@variables('メッセージJSON')",
            "schema": {
              "type": "object",
              "properties": {
                "@@odata.type": {
                  "type": "string"
                },
                "etag": {
                  "type": "string"
                },
                "messageType": {
                  "type": "string"
                },
                "createdDateTime": {
                  "type": "string"
                },
                "lastModifiedDateTime": {
                  "type": "string"
                },
                "subject": {
                  "type": "string"
                },
                "importance": {
                  "type": "string"
                },
                "locale": {
                  "type": "string"
                },
                "webUrl": {
                  "type": "string"
                },
                "id": {
                  "type": "string"
                },
                "from": {
                  "type": "object",
                  "properties": {
                    "user": {
                      "type": "object",
                      "properties": {
                        "@@odata.type": {
                          "type": "string"
                        },
                        "id": {
                          "type": "string"
                        },
                        "displayName": {
                          "type": "string"
                        },
                        "userIdentityType": {
                          "type": "string"
                        },
                        "tenantId": {
                          "type": "string"
                        }
                      }
                    }
                  }
                },
                "body": {
                  "type": "object",
                  "properties": {
                    "contentType": {
                      "type": "string"
                    },
                    "content": {
                      "type": "string"
                    }
                  }
                },
                "channelIdentity": {
                  "type": "object",
                  "properties": {
                    "teamId": {
                      "type": "string"
                    },
                    "channelId": {
                      "type": "string"
                    }
                  }
                },
                "attachments": {
                  "type": "array",
                  "items": {
                    "type": "object",
                    "properties": {
                      "id": {
                        "type": "string"
                      },
                      "contentType": {
                        "type": "string"
                      },
                      "contentUrl": {
                        "type": "string"
                      },
                      "name": {
                        "type": "string"
                      }
                    },
                    "required": []
                  }
                },
                "mentions": {
                  "type": "array"
                },
                "reactions": {
                  "type": "array"
                }
              }
            }
          }
        },
        "新しい行を追加する": {
          "runAfter": {
            "JSON_の解析": [
              "Succeeded"
            ]
          },
          "metadata": {
            "operationMetadataId": "e8e97729-6e4a-4d8a-a134-c5ffa516396a"
          },
          "type": "OpenApiConnection",
          "inputs": {
            "host": {
              "connectionName": "shared_commondataserviceforapps",
              "operationId": "CreateRecord",
              "apiId": "/providers/Microsoft.PowerApps/apis/shared_commondataserviceforapps"
            },
            "parameters": {
              "entityName": "ya_teamsmessages",
              "item/ya_id": "@body('JSON_の解析')?['id']",
              "item/ya_odatatype": "@body('JSON_の解析')?['@odata.type']",
              "item/ya_bodycontent": "@body('JSON_の解析')?['body']?['content']",
              "item/ya_bodycontenttype": "@body('JSON_の解析')?['body']?['contentType']",
              "item/ya_channelidentitychannelid": "@body('JSON_の解析')?['channelIdentity']?['channelId']",
              "item/ya_channelidentityteamid": "@body('JSON_の解析')?['channelIdentity']?['teamId']",
              "item/ya_createddatetime": "@body('JSON_の解析')?['createdDateTime']",
              "item/ya_etag": "@body('JSON_の解析')?['etag']",
              "item/ya_fromuserid": "@body('JSON_の解析')?['from']?['user']?['id']",
              "item/ya_importance": "@body('JSON_の解析')?['importance']",
              "item/ya_lastmodifieddatetime": "@body('JSON_の解析')?['lastModifiedDateTime']",
              "item/ya_locale": "@body('JSON_の解析')?['locale']",
              "item/ya_messagejson": "@variables('メッセージJSON')",
              "item/ya_messagetype": "@body('JSON_の解析')?['messageType']",
              "item/ya_subject": "@body('JSON_の解析')?['subject']",
              "item/ya_weburl": "@body('JSON_の解析')?['webUrl']"
            },
            "authentication": "@parameters('$authentication')"
          }
        },
        "変数を初期化する": {
          "runAfter": {},
          "metadata": {
            "operationMetadataId": "aed5d8fb-0d05-4686-8515-52bf1cc29822"
          },
          "type": "InitializeVariable",
          "inputs": {
            "variables": [
              {
                "name": "メッセージJSON",
                "type": "string",
                "value": "@{triggerOutputs()?['body']}"
              }
            ]
          },
          "description": "JSONの中にbody項目が含まれているので一旦変数に格納しないとbody関数で値が取れない"
        }
      }
    },
    "templateName": ""
  },
  "schemaVersion": "1.0.0.0"
}