{
  "properties": {
    "connectionReferences": {
      "shared_teams": {
        "runtimeSource": "embedded",
        "connection": {
          "connectionReferenceLogicalName": "ya_sharedteams_939e9"
        },
        "api": {
          "name": "shared_teams"
        }
      },
      "shared_commondataserviceforapps": {
        "runtimeSource": "embedded",
        "connection": {
          "connectionReferenceLogicalName": "new_sharedcommondataserviceforapps_666f9"
        },
        "api": {
          "name": "shared_commondataserviceforapps"
        }
      }
    },
    "definition": {
      "$schema": "https://schema.management.azure.com/providers/Microsoft.Logic/schemas/2016-06-01/workflowdefinition.json#",
      "contentVersion": "1.0.0.0",
      "parameters": {
        "$connections": {
          "defaultValue": {},
          "type": "Object"
        },
        "$authentication": {
          "defaultValue": {},
          "type": "SecureObject"
        }
      },
      "triggers": {
        "Recurrence": {
          "recurrence": {
            "frequency": "Day",
            "interval": 1,
            "startTime": "2023-04-30T15:00:00Z"
          },
          "metadata": {
            "operationMetadataId": "ea0f95e5-6932-4808-b1b1-0c23a2275100"
          },
          "type": "Recurrence"
        }
      },
      "actions": {
        "チャット一覧を作成": {
          "runAfter": {},
          "metadata": {
            "operationMetadataId": "6ed60b44-41fb-4c85-8bb3-e7341bdd0f22"
          },
          "type": "OpenApiConnection",
          "inputs": {
            "host": {
              "connectionName": "shared_teams",
              "operationId": "GetChats",
              "apiId": "/providers/Microsoft.PowerApps/apis/shared_teams"
            },
            "parameters": {
              "chatType": "all",
              "topic": "all"
            },
            "authentication": "@parameters('$authentication')"
          }
        },
        "JSON_の解析": {
          "runAfter": {
            "チャット一覧を作成": [
              "Succeeded"
            ]
          },
          "metadata": {
            "operationMetadataId": "91a0b9bb-cde4-4688-9567-535e8e7f0b2a"
          },
          "type": "ParseJson",
          "inputs": {
            "content": "@outputs('チャット一覧を作成')?['body/value']",
            "schema": {
              "type": "array",
              "items": {
                "type": "object",
                "properties": {
                  "id": {
                    "type": "string"
                  },
                  "createdDateTime": {
                    "type": "string"
                  },
                  "lastUpdatedDateTime": {
                    "type": "string"
                  }
                },
                "required": [
                  "id",
                  "createdDateTime",
                  "lastUpdatedDateTime"
                ]
              }
            }
          }
        },
        "Apply_to_each": {
          "foreach": "@body('JSON_の解析')",
          "actions": {
            "新しい行を追加する": {
              "runAfter": {},
              "metadata": {
                "operationMetadataId": "ce212d82-c2fb-4dac-816a-7372ce855448"
              },
              "type": "OpenApiConnection",
              "inputs": {
                "host": {
                  "connectionName": "shared_commondataserviceforapps",
                  "operationId": "CreateRecord",
                  "apiId": "/providers/Microsoft.PowerApps/apis/shared_commondataserviceforapps"
                },
                "parameters": {
                  "entityName": "ya_teamsmessages",
                  "item/ya_id": "@items('Apply_to_each')['id']",
                  "item/ya_createddatetime": "@items('Apply_to_each')['createdDateTime']",
                  "item/ya_lastmodifieddatetime": "@items('Apply_to_each')['lastUpdatedDateTime']"
                },
                "authentication": "@parameters('$authentication')"
              }
            }
          },
          "runAfter": {
            "JSON_の解析": [
              "Succeeded"
            ]
          },
          "metadata": {
            "operationMetadataId": "007bd15d-581c-4131-89b7-280f3de26bda"
          },
          "type": "Foreach"
        }
      }
    },
    "templateName": ""
  },
  "schemaVersion": "1.0.0.0"
}