{
  "properties": {
    "connectionReferences": {
      "shared_commondataserviceforapps": {
        "runtimeSource": "embedded",
        "connection": {
          "connectionReferenceLogicalName": "new_sharedcommondataserviceforapps_666f9"
        },
        "api": {
          "name": "shared_commondataserviceforapps"
        }
      },
      "shared_teams": {
        "runtimeSource": "embedded",
        "connection": {
          "connectionReferenceLogicalName": "ya_sharedteams_939e9"
        },
        "api": {
          "name": "shared_teams"
        }
      }
    },
    "definition": {
      "$schema": "https://schema.management.azure.com/providers/Microsoft.Logic/schemas/2016-06-01/workflowdefinition.json#",
      "contentVersion": "1.0.0.0",
      "parameters": {
        "$connections": {
          "defaultValue": {},
          "type": "Object"
        },
        "$authentication": {
          "defaultValue": {},
          "type": "SecureObject"
        }
      },
      "triggers": {
        "チャットに新しいメッセージが追加されたとき": {
          "metadata": {
            "operationMetadataId": "59a48b51-8393-4c01-a566-ff03fcb7aaa0"
          },
          "type": "OpenApiConnectionWebhook",
          "inputs": {
            "host": {
              "connectionName": "shared_teams",
              "operationId": "WebhookChatMessageTrigger",
              "apiId": "/providers/Microsoft.PowerApps/apis/shared_teams"
            },
            "parameters": {},
            "authentication": "@parameters('$authentication')"
          }
        }
      },
      "actions": {
        "JSON_の解析": {
          "runAfter": {},
          "metadata": {
            "operationMetadataId": "58d4d089-2b7a-45b1-8591-649eb565c03c"
          },
          "type": "ParseJson",
          "inputs": {
            "content": "@triggerOutputs()?['body/value']",
            "schema": {
              "type": "array",
              "items": {
                "type": "object",
                "properties": {
                  "subscriptionId": {
                    "type": "string"
                  },
                  "changeType": {
                    "type": "string"
                  },
                  "clientState": {
                    "type": "string"
                  },
                  "subscriptionExpirationDateTime": {
                    "type": "string"
                  },
                  "resource": {
                    "type": "string"
                  },
                  "resourceData": {
                    "type": "object",
                    "properties": {
                      "id": {
                        "type": "string"
                      },
                      "@@odata.type": {
                        "type": "string"
                      },
                      "@@odata.id": {
                        "type": "string"
                      }
                    }
                  },
                  "tenantId": {
                    "type": "string"
                  },
                  "conversationId": {
                    "type": "string"
                  },
                  "messageId": {
                    "type": "string"
                  },
                  "linkToMessage": {
                    "type": "string"
                  }
                },
                "required": [
                  "subscriptionId",
                  "changeType",
                  "clientState",
                  "subscriptionExpirationDateTime",
                  "resource",
                  "resourceData",
                  "tenantId",
                  "conversationId",
                  "messageId",
                  "linkToMessage"
                ]
              }
            }
          }
        },
        "Apply_to_each": {
          "foreach": "@body('JSON_の解析')",
          "actions": {
            "新しい行を追加する": {
              "runAfter": {},
              "metadata": {
                "operationMetadataId": "ef81382f-a565-4412-a8d4-45465701a5f5"
              },
              "type": "OpenApiConnection",
              "inputs": {
                "host": {
                  "connectionName": "shared_commondataserviceforapps",
                  "operationId": "CreateRecord",
                  "apiId": "/providers/Microsoft.PowerApps/apis/shared_commondataserviceforapps"
                },
                "parameters": {
                  "entityName": "ya_teamsmessages",
                  "item/ya_id": "@items('Apply_to_each')?['resourceData']?['id']",
                  "item/ya_changetype": "@items('Apply_to_each')['changeType']",
                  "item/ya_clientstate": "@items('Apply_to_each')['clientState']",
                  "item/ya_conversationid": "@items('Apply_to_each')['conversationId']",
                  "item/ya_linktomessage": "@items('Apply_to_each')['linkToMessage']",
                  "item/ya_messageid": "@items('Apply_to_each')['messageId']",
                  "item/ya_messagejson": "@body('JSON_の解析')",
                  "item/ya_resource": "@items('Apply_to_each')['resource']",
                  "item/ya_resourcedataodataid": "@items('Apply_to_each')?['resourceData']?['@odata.id']",
                  "item/ya_resourcedataodatatype": "@items('Apply_to_each')?['resourceData']?['@odata.type']",
                  "item/ya_resourcedataid": "@items('Apply_to_each')?['resourceData']?['id']",
                  "item/ya_subscriptionexpirationdatetime": "@items('Apply_to_each')['subscriptionExpirationDateTime']",
                  "item/ya_subscriptionid": "@items('Apply_to_each')['subscriptionId']",
                  "item/ya_tenantid": "@items('Apply_to_each')['tenantId']"
                },
                "authentication": "@parameters('$authentication')"
              }
            }
          },
          "runAfter": {
            "JSON_の解析": [
              "Succeeded"
            ]
          },
          "metadata": {
            "operationMetadataId": "509e805d-b2a7-46e0-8fa1-f6b3a1b506f7"
          },
          "type": "Foreach"
        }
      }
    },
    "templateName": ""
  },
  "schemaVersion": "1.0.0.0"
}